<?xml version="1.0" encoding="ISO-8859-1" ?>
<link_info>
   <banner>TI ARM Linker PC v20.2.7.LTS</banner>
   <copyright>Copyright (c) 1996-2018 Texas Instruments Incorporated</copyright>
   <link_time>0x6727b701</link_time>
   <link_errors>0x0</link_errors>
   <output_file>I2C-Slave.out</output_file>
   <entry_point>
      <name>_c_int00_noinit_noargs</name>
      <address>0x739</address>
   </entry_point>
   <input_file_list>
      <input_file id="fl-2">
         <path>.\</path>
         <kind>object</kind>
         <file>main.obj</file>
         <name>main.obj</name>
      </input_file>
      <input_file id="fl-3">
         <path>.\</path>
         <kind>object</kind>
         <file>tm4c123gh6pm_startup_ccs.obj</file>
         <name>tm4c123gh6pm_startup_ccs.obj</name>
      </input_file>
      <input_file id="fl-8">
         <kind>object</kind>
         <file>&lt;internal&gt;</file>
         <name>&lt;internal&gt;</name>
      </input_file>
      <input_file id="fl-9">
         <path>C:\ti\TivaWare_C_Series-2.2.0.295\driverlib\ccs\Debug\</path>
         <kind>archive</kind>
         <file>driverlib.lib</file>
         <name>gpio.obj</name>
      </input_file>
      <input_file id="fl-a">
         <path>C:\ti\TivaWare_C_Series-2.2.0.295\driverlib\ccs\Debug\</path>
         <kind>archive</kind>
         <file>driverlib.lib</file>
         <name>i2c.obj</name>
      </input_file>
      <input_file id="fl-b">
         <path>C:\ti\TivaWare_C_Series-2.2.0.295\driverlib\ccs\Debug\</path>
         <kind>archive</kind>
         <file>driverlib.lib</file>
         <name>interrupt.obj</name>
      </input_file>
      <input_file id="fl-c">
         <path>C:\ti\TivaWare_C_Series-2.2.0.295\driverlib\ccs\Debug\</path>
         <kind>archive</kind>
         <file>driverlib.lib</file>
         <name>sysctl.obj</name>
      </input_file>
      <input_file id="fl-d">
         <path>C:\ti\TivaWare_C_Series-2.2.0.295\driverlib\ccs\Debug\</path>
         <kind>archive</kind>
         <file>driverlib.lib</file>
         <name>cpu.obj</name>
      </input_file>
      <input_file id="fl-c3">
         <path>C:\ti\ccs1220\ccs\tools\compiler\ti-cgt-arm_20.2.7.LTS\lib\</path>
         <kind>archive</kind>
         <file>rtsv7M4_T_le_v4SPD16_eabi.lib</file>
         <name>copy_zero_init.c.obj</name>
      </input_file>
      <input_file id="fl-c4">
         <path>C:\ti\ccs1220\ccs\tools\compiler\ti-cgt-arm_20.2.7.LTS\lib\</path>
         <kind>archive</kind>
         <file>rtsv7M4_T_le_v4SPD16_eabi.lib</file>
         <name>copy_decompress_none.c.obj</name>
      </input_file>
      <input_file id="fl-c5">
         <path>C:\ti\ccs1220\ccs\tools\compiler\ti-cgt-arm_20.2.7.LTS\lib\</path>
         <kind>archive</kind>
         <file>rtsv7M4_T_le_v4SPD16_eabi.lib</file>
         <name>copy_decompress_lzss.c.obj</name>
      </input_file>
      <input_file id="fl-c6">
         <path>C:\ti\ccs1220\ccs\tools\compiler\ti-cgt-arm_20.2.7.LTS\lib\</path>
         <kind>archive</kind>
         <file>rtsv7M4_T_le_v4SPD16_eabi.lib</file>
         <name>boot_cortex_m.c.obj</name>
      </input_file>
      <input_file id="fl-c7">
         <path>C:\ti\ccs1220\ccs\tools\compiler\ti-cgt-arm_20.2.7.LTS\lib\</path>
         <kind>archive</kind>
         <file>rtsv7M4_T_le_v4SPD16_eabi.lib</file>
         <name>memcpy_t2.asm.obj</name>
      </input_file>
      <input_file id="fl-c8">
         <path>C:\ti\ccs1220\ccs\tools\compiler\ti-cgt-arm_20.2.7.LTS\lib\</path>
         <kind>archive</kind>
         <file>rtsv7M4_T_le_v4SPD16_eabi.lib</file>
         <name>memset_t2.asm.obj</name>
      </input_file>
      <input_file id="fl-c9">
         <path>C:\ti\ccs1220\ccs\tools\compiler\ti-cgt-arm_20.2.7.LTS\lib\</path>
         <kind>archive</kind>
         <file>rtsv7M4_T_le_v4SPD16_eabi.lib</file>
         <name>autoinit.c.obj</name>
      </input_file>
      <input_file id="fl-ca">
         <path>C:\ti\ccs1220\ccs\tools\compiler\ti-cgt-arm_20.2.7.LTS\lib\</path>
         <kind>archive</kind>
         <file>rtsv7M4_T_le_v4SPD16_eabi.lib</file>
         <name>pre_init.c.obj</name>
      </input_file>
      <input_file id="fl-cb">
         <path>C:\ti\ccs1220\ccs\tools\compiler\ti-cgt-arm_20.2.7.LTS\lib\</path>
         <kind>archive</kind>
         <file>rtsv7M4_T_le_v4SPD16_eabi.lib</file>
         <name>cpy_tbl.c.obj</name>
      </input_file>
      <input_file id="fl-cc">
         <path>C:\ti\ccs1220\ccs\tools\compiler\ti-cgt-arm_20.2.7.LTS\lib\</path>
         <kind>archive</kind>
         <file>rtsv7M4_T_le_v4SPD16_eabi.lib</file>
         <name>exit.c.obj</name>
      </input_file>
      <input_file id="fl-cd">
         <path>C:\ti\ccs1220\ccs\tools\compiler\ti-cgt-arm_20.2.7.LTS\lib\</path>
         <kind>archive</kind>
         <file>rtsv7M4_T_le_v4SPD16_eabi.lib</file>
         <name>_lock.c.obj</name>
      </input_file>
      <input_file id="fl-ce">
         <path>C:\ti\ccs1220\ccs\tools\compiler\ti-cgt-arm_20.2.7.LTS\lib\</path>
         <kind>archive</kind>
         <file>rtsv7M4_T_le_v4SPD16_eabi.lib</file>
         <name>args_main.c.obj</name>
      </input_file>
   </input_file_list>
   <object_component_list>
      <object_component id="oc-12">
         <name>.intvecs</name>
         <load_address>0x0</load_address>
         <run_address>0x0</run_address>
         <size>0x26c</size>
         <input_file_ref idref="fl-3"/>
      </object_component>
      <object_component id="oc-9b">
         <name>.text</name>
         <load_address>0x26c</load_address>
         <run_address>0x26c</run_address>
         <size>0x1c0</size>
         <input_file_ref idref="fl-2"/>
      </object_component>
      <object_component id="oc-d5">
         <name>.text:GPIOPadConfigSet</name>
         <load_address>0x42c</load_address>
         <run_address>0x42c</run_address>
         <size>0x16c</size>
         <input_file_ref idref="fl-9"/>
      </object_component>
      <object_component id="oc-db">
         <name>.text:SysCtlClockSet</name>
         <load_address>0x598</load_address>
         <run_address>0x598</run_address>
         <size>0xf4</size>
         <input_file_ref idref="fl-c"/>
      </object_component>
      <object_component id="oc-e1">
         <name>.text:GPIOPinConfigure</name>
         <load_address>0x68c</load_address>
         <run_address>0x68c</run_address>
         <size>0x4c</size>
         <input_file_ref idref="fl-9"/>
      </object_component>
      <object_component id="oc-c3">
         <name>.text:SysCtlPeripheralEnable</name>
         <load_address>0x6d8</load_address>
         <run_address>0x6d8</run_address>
         <size>0x34</size>
         <input_file_ref idref="fl-c"/>
      </object_component>
      <object_component id="oc-15f">
         <name>.text:GPIODirModeSet</name>
         <load_address>0x70c</load_address>
         <run_address>0x70c</run_address>
         <size>0x2c</size>
         <input_file_ref idref="fl-9"/>
      </object_component>
      <object_component id="oc-53">
         <name>.text:_c_int00_noinit_noargs:_c_int00_noinit_noargs</name>
         <load_address>0x738</load_address>
         <run_address>0x738</run_address>
         <size>0x2c</size>
         <input_file_ref idref="fl-c6"/>
      </object_component>
      <object_component id="oc-c9">
         <name>.text:GPIOPinTypeGPIOOutput</name>
         <load_address>0x764</load_address>
         <run_address>0x764</run_address>
         <size>0x1a</size>
         <input_file_ref idref="fl-9"/>
      </object_component>
      <object_component id="oc-cf">
         <name>.text:GPIOPinTypeGPIOInput</name>
         <load_address>0x77e</load_address>
         <run_address>0x77e</run_address>
         <size>0x16</size>
         <input_file_ref idref="fl-9"/>
      </object_component>
      <object_component id="oc-ed">
         <name>.text:GPIOPinTypeI2C</name>
         <load_address>0x794</load_address>
         <run_address>0x794</run_address>
         <size>0x16</size>
         <input_file_ref idref="fl-9"/>
      </object_component>
      <object_component id="oc-e7">
         <name>.text:GPIOPinTypeI2CSCL</name>
         <load_address>0x7aa</load_address>
         <run_address>0x7aa</run_address>
         <size>0x16</size>
         <input_file_ref idref="fl-9"/>
      </object_component>
      <object_component id="oc-f9">
         <name>.text:I2CSlaveEnable</name>
         <load_address>0x7c0</load_address>
         <run_address>0x7c0</run_address>
         <size>0x10</size>
         <input_file_ref idref="fl-a"/>
      </object_component>
      <object_component id="oc-f3">
         <name>.text:I2CSlaveInit</name>
         <load_address>0x7d0</load_address>
         <run_address>0x7d0</run_address>
         <size>0xe</size>
         <input_file_ref idref="fl-a"/>
      </object_component>
      <object_component id="oc-27">
         <name>.text</name>
         <load_address>0x7de</load_address>
         <run_address>0x7de</run_address>
         <size>0xc</size>
         <input_file_ref idref="fl-3"/>
      </object_component>
      <object_component id="oc-111">
         <name>.text:GPIOPinWrite</name>
         <load_address>0x7ea</load_address>
         <run_address>0x7ea</run_address>
         <size>0x6</size>
         <input_file_ref idref="fl-9"/>
      </object_component>
      <object_component id="oc-105">
         <name>.text:I2CSlaveDataGet</name>
         <load_address>0x7f0</load_address>
         <run_address>0x7f0</run_address>
         <size>0x6</size>
         <input_file_ref idref="fl-a"/>
      </object_component>
      <object_component id="oc-10b">
         <name>.text:I2CSlaveDataPut</name>
         <load_address>0x7f6</load_address>
         <run_address>0x7f6</run_address>
         <size>0x6</size>
         <input_file_ref idref="fl-a"/>
      </object_component>
      <object_component id="oc-ff">
         <name>.text:I2CSlaveStatus</name>
         <load_address>0x7fc</load_address>
         <run_address>0x7fc</run_address>
         <size>0x6</size>
         <input_file_ref idref="fl-a"/>
      </object_component>
      <object_component id="oc-16e">
         <name>.text:SysCtlDelay</name>
         <load_address>0x802</load_address>
         <run_address>0x802</run_address>
         <size>0x6</size>
         <input_file_ref idref="fl-c"/>
      </object_component>
      <object_component id="oc-95">
         <name>.text:_system_pre_init</name>
         <load_address>0x808</load_address>
         <run_address>0x808</run_address>
         <size>0x4</size>
         <input_file_ref idref="fl-ca"/>
      </object_component>
      <object_component id="oc-118">
         <name>.text:abort:abort</name>
         <load_address>0x80c</load_address>
         <run_address>0x80c</run_address>
         <size>0x4</size>
         <input_file_ref idref="fl-cc"/>
      </object_component>
      <object_component id="oc-170">
         <name>.const:g_pui32GPIOBaseAddrs</name>
         <load_address>0x810</load_address>
         <run_address>0x810</run_address>
         <size>0x90</size>
         <input_file_ref idref="fl-9"/>
      </object_component>
      <object_component id="oc-24">
         <name>.stack</name>
         <uninitialized>true</uninitialized>
         <run_address>0x20000000</run_address>
         <size>0x4</size>
         <input_file_ref idref="fl-c6"/>
      </object_component>
      <object_component id="oc-214">
         <name>.stack</name>
         <uninitialized>true</uninitialized>
         <run_address>0x20000000</run_address>
         <size>0x0</size>
      </object_component>
      <object_component id="oc-b2">
         <name>.debug_info</name>
         <load_address>0x0</load_address>
         <run_address>0x0</run_address>
         <size>0x545</size>
         <input_file_ref idref="fl-2"/>
      </object_component>
      <object_component id="oc-9f">
         <name>.debug_info</name>
         <load_address>0x545</load_address>
         <run_address>0x545</run_address>
         <size>0x6d2</size>
         <input_file_ref idref="fl-2"/>
      </object_component>
      <object_component id="oc-70">
         <name>.debug_info</name>
         <load_address>0xc17</load_address>
         <run_address>0xc17</run_address>
         <size>0x26b</size>
         <input_file_ref idref="fl-2"/>
      </object_component>
      <object_component id="oc-36">
         <name>.debug_info</name>
         <load_address>0xe82</load_address>
         <run_address>0xe82</run_address>
         <size>0x84</size>
         <input_file_ref idref="fl-2"/>
      </object_component>
      <object_component id="oc-ad">
         <name>.debug_info</name>
         <load_address>0xf06</load_address>
         <run_address>0xf06</run_address>
         <size>0x2a4</size>
         <input_file_ref idref="fl-2"/>
      </object_component>
      <object_component id="oc-75">
         <name>.debug_info</name>
         <load_address>0x11aa</load_address>
         <run_address>0x11aa</run_address>
         <size>0xbb</size>
         <input_file_ref idref="fl-2"/>
      </object_component>
      <object_component id="oc-2f">
         <name>.debug_info</name>
         <load_address>0x1265</load_address>
         <run_address>0x1265</run_address>
         <size>0x299</size>
         <input_file_ref idref="fl-3"/>
      </object_component>
      <object_component id="oc-13">
         <name>.debug_info</name>
         <load_address>0x14fe</load_address>
         <run_address>0x14fe</run_address>
         <size>0xd8</size>
         <input_file_ref idref="fl-3"/>
      </object_component>
      <object_component id="oc-2a">
         <name>.debug_info</name>
         <load_address>0x15d6</load_address>
         <run_address>0x15d6</run_address>
         <size>0x254</size>
         <input_file_ref idref="fl-3"/>
      </object_component>
      <object_component id="oc-16b">
         <name>.debug_info</name>
         <load_address>0x182a</load_address>
         <run_address>0x182a</run_address>
         <size>0x3e4</size>
         <input_file_ref idref="fl-9"/>
      </object_component>
      <object_component id="oc-171">
         <name>.debug_info</name>
         <load_address>0x1c0e</load_address>
         <run_address>0x1c0e</run_address>
         <size>0x164</size>
         <input_file_ref idref="fl-9"/>
      </object_component>
      <object_component id="oc-112">
         <name>.debug_info</name>
         <load_address>0x1d72</load_address>
         <run_address>0x1d72</run_address>
         <size>0x2ac</size>
         <input_file_ref idref="fl-9"/>
      </object_component>
      <object_component id="oc-160">
         <name>.debug_info</name>
         <load_address>0x201e</load_address>
         <run_address>0x201e</run_address>
         <size>0x2bc</size>
         <input_file_ref idref="fl-9"/>
      </object_component>
      <object_component id="oc-d7">
         <name>.debug_info</name>
         <load_address>0x22da</load_address>
         <run_address>0x22da</run_address>
         <size>0x31f</size>
         <input_file_ref idref="fl-9"/>
      </object_component>
      <object_component id="oc-e8">
         <name>.debug_info</name>
         <load_address>0x25f9</load_address>
         <run_address>0x25f9</run_address>
         <size>0x29f</size>
         <input_file_ref idref="fl-9"/>
      </object_component>
      <object_component id="oc-ee">
         <name>.debug_info</name>
         <load_address>0x2898</load_address>
         <run_address>0x2898</run_address>
         <size>0x299</size>
         <input_file_ref idref="fl-9"/>
      </object_component>
      <object_component id="oc-ca">
         <name>.debug_info</name>
         <load_address>0x2b31</load_address>
         <run_address>0x2b31</run_address>
         <size>0x2c0</size>
         <input_file_ref idref="fl-9"/>
      </object_component>
      <object_component id="oc-d0">
         <name>.debug_info</name>
         <load_address>0x2df1</load_address>
         <run_address>0x2df1</run_address>
         <size>0x2a5</size>
         <input_file_ref idref="fl-9"/>
      </object_component>
      <object_component id="oc-e2">
         <name>.debug_info</name>
         <load_address>0x3096</load_address>
         <run_address>0x3096</run_address>
         <size>0x289</size>
         <input_file_ref idref="fl-9"/>
      </object_component>
      <object_component id="oc-1ad">
         <name>.debug_info</name>
         <load_address>0x331f</load_address>
         <run_address>0x331f</run_address>
         <size>0x26b</size>
         <input_file_ref idref="fl-9"/>
      </object_component>
      <object_component id="oc-166">
         <name>.debug_info</name>
         <load_address>0x358a</load_address>
         <run_address>0x358a</run_address>
         <size>0x8b</size>
         <input_file_ref idref="fl-9"/>
      </object_component>
      <object_component id="oc-19d">
         <name>.debug_info</name>
         <load_address>0x3615</load_address>
         <run_address>0x3615</run_address>
         <size>0x297</size>
         <input_file_ref idref="fl-9"/>
      </object_component>
      <object_component id="oc-1a8">
         <name>.debug_info</name>
         <load_address>0x38ac</load_address>
         <run_address>0x38ac</run_address>
         <size>0xef</size>
         <input_file_ref idref="fl-9"/>
      </object_component>
      <object_component id="oc-159">
         <name>.debug_info</name>
         <load_address>0x399b</load_address>
         <run_address>0x399b</run_address>
         <size>0xbb</size>
         <input_file_ref idref="fl-9"/>
      </object_component>
      <object_component id="oc-177">
         <name>.debug_info</name>
         <load_address>0x3a56</load_address>
         <run_address>0x3a56</run_address>
         <size>0x3d5</size>
         <input_file_ref idref="fl-a"/>
      </object_component>
      <object_component id="oc-100">
         <name>.debug_info</name>
         <load_address>0x3e2b</load_address>
         <run_address>0x3e2b</run_address>
         <size>0x259</size>
         <input_file_ref idref="fl-a"/>
      </object_component>
      <object_component id="oc-fa">
         <name>.debug_info</name>
         <load_address>0x4084</load_address>
         <run_address>0x4084</run_address>
         <size>0x255</size>
         <input_file_ref idref="fl-a"/>
      </object_component>
      <object_component id="oc-f4">
         <name>.debug_info</name>
         <load_address>0x42d9</load_address>
         <run_address>0x42d9</run_address>
         <size>0x2a8</size>
         <input_file_ref idref="fl-a"/>
      </object_component>
      <object_component id="oc-10c">
         <name>.debug_info</name>
         <load_address>0x4581</load_address>
         <run_address>0x4581</run_address>
         <size>0x285</size>
         <input_file_ref idref="fl-a"/>
      </object_component>
      <object_component id="oc-106">
         <name>.debug_info</name>
         <load_address>0x4806</load_address>
         <run_address>0x4806</run_address>
         <size>0x25b</size>
         <input_file_ref idref="fl-a"/>
      </object_component>
      <object_component id="oc-15e">
         <name>.debug_info</name>
         <load_address>0x4a61</load_address>
         <run_address>0x4a61</run_address>
         <size>0x441</size>
         <input_file_ref idref="fl-c"/>
      </object_component>
      <object_component id="oc-c4">
         <name>.debug_info</name>
         <load_address>0x4ea2</load_address>
         <run_address>0x4ea2</run_address>
         <size>0x286</size>
         <input_file_ref idref="fl-c"/>
      </object_component>
      <object_component id="oc-dc">
         <name>.debug_info</name>
         <load_address>0x5128</load_address>
         <run_address>0x5128</run_address>
         <size>0x2e4</size>
         <input_file_ref idref="fl-c"/>
      </object_component>
      <object_component id="oc-1a4">
         <name>.debug_info</name>
         <load_address>0x540c</load_address>
         <run_address>0x540c</run_address>
         <size>0x51</size>
         <input_file_ref idref="fl-c"/>
      </object_component>
      <object_component id="oc-25">
         <name>.debug_info</name>
         <load_address>0x545d</load_address>
         <run_address>0x545d</run_address>
         <size>0x10b</size>
         <input_file_ref idref="fl-c6"/>
      </object_component>
      <object_component id="oc-54">
         <name>.debug_info</name>
         <load_address>0x5568</load_address>
         <run_address>0x5568</run_address>
         <size>0x1a2</size>
         <input_file_ref idref="fl-c6"/>
      </object_component>
      <object_component id="oc-97">
         <name>.debug_info</name>
         <load_address>0x570a</load_address>
         <run_address>0x570a</run_address>
         <size>0x153</size>
         <input_file_ref idref="fl-ca"/>
      </object_component>
      <object_component id="oc-119">
         <name>.debug_info</name>
         <load_address>0x585d</load_address>
         <run_address>0x585d</run_address>
         <size>0x122</size>
         <input_file_ref idref="fl-cc"/>
      </object_component>
      <object_component id="oc-215">
         <name>.debug_info</name>
         <load_address>0x597f</load_address>
         <run_address>0x597f</run_address>
         <size>0x8b</size>
      </object_component>
      <object_component id="oc-157">
         <name>.debug_line</name>
         <load_address>0x0</load_address>
         <run_address>0x0</run_address>
         <size>0xc3</size>
         <input_file_ref idref="fl-2"/>
      </object_component>
      <object_component id="oc-9d">
         <name>.debug_line</name>
         <load_address>0xc3</load_address>
         <run_address>0xc3</run_address>
         <size>0x1b3</size>
         <input_file_ref idref="fl-2"/>
      </object_component>
      <object_component id="oc-73">
         <name>.debug_line</name>
         <load_address>0x276</load_address>
         <run_address>0x276</run_address>
         <size>0x6f</size>
         <input_file_ref idref="fl-2"/>
      </object_component>
      <object_component id="oc-39">
         <name>.debug_line</name>
         <load_address>0x2e5</load_address>
         <run_address>0x2e5</run_address>
         <size>0x20</size>
         <input_file_ref idref="fl-2"/>
      </object_component>
      <object_component id="oc-b0">
         <name>.debug_line</name>
         <load_address>0x305</load_address>
         <run_address>0x305</run_address>
         <size>0x73</size>
         <input_file_ref idref="fl-2"/>
      </object_component>
      <object_component id="oc-78">
         <name>.debug_line</name>
         <load_address>0x378</load_address>
         <run_address>0x378</run_address>
         <size>0x70</size>
         <input_file_ref idref="fl-2"/>
      </object_component>
      <object_component id="oc-6f">
         <name>.debug_line</name>
         <load_address>0x3e8</load_address>
         <run_address>0x3e8</run_address>
         <size>0x41</size>
         <input_file_ref idref="fl-3"/>
      </object_component>
      <object_component id="oc-2e">
         <name>.debug_line</name>
         <load_address>0x429</load_address>
         <run_address>0x429</run_address>
         <size>0x41</size>
         <input_file_ref idref="fl-3"/>
      </object_component>
      <object_component id="oc-28">
         <name>.debug_line</name>
         <load_address>0x46a</load_address>
         <run_address>0x46a</run_address>
         <size>0xa1</size>
         <input_file_ref idref="fl-3"/>
      </object_component>
      <object_component id="oc-1b4">
         <name>.debug_line</name>
         <load_address>0x50b</load_address>
         <run_address>0x50b</run_address>
         <size>0x82</size>
         <input_file_ref idref="fl-9"/>
      </object_component>
      <object_component id="oc-1b6">
         <name>.debug_line</name>
         <load_address>0x58d</load_address>
         <run_address>0x58d</run_address>
         <size>0x7d</size>
         <input_file_ref idref="fl-9"/>
      </object_component>
      <object_component id="oc-115">
         <name>.debug_line</name>
         <load_address>0x60a</load_address>
         <run_address>0x60a</run_address>
         <size>0x92</size>
         <input_file_ref idref="fl-9"/>
      </object_component>
      <object_component id="oc-163">
         <name>.debug_line</name>
         <load_address>0x69c</load_address>
         <run_address>0x69c</run_address>
         <size>0x95</size>
         <input_file_ref idref="fl-9"/>
      </object_component>
      <object_component id="oc-d6">
         <name>.debug_line</name>
         <load_address>0x731</load_address>
         <run_address>0x731</run_address>
         <size>0xc4</size>
         <input_file_ref idref="fl-9"/>
      </object_component>
      <object_component id="oc-eb">
         <name>.debug_line</name>
         <load_address>0x7f5</load_address>
         <run_address>0x7f5</run_address>
         <size>0x99</size>
         <input_file_ref idref="fl-9"/>
      </object_component>
      <object_component id="oc-f1">
         <name>.debug_line</name>
         <load_address>0x88e</load_address>
         <run_address>0x88e</run_address>
         <size>0x99</size>
         <input_file_ref idref="fl-9"/>
      </object_component>
      <object_component id="oc-cd">
         <name>.debug_line</name>
         <load_address>0x927</load_address>
         <run_address>0x927</run_address>
         <size>0x99</size>
         <input_file_ref idref="fl-9"/>
      </object_component>
      <object_component id="oc-d3">
         <name>.debug_line</name>
         <load_address>0x9c0</load_address>
         <run_address>0x9c0</run_address>
         <size>0x99</size>
         <input_file_ref idref="fl-9"/>
      </object_component>
      <object_component id="oc-e5">
         <name>.debug_line</name>
         <load_address>0xa59</load_address>
         <run_address>0xa59</run_address>
         <size>0xa7</size>
         <input_file_ref idref="fl-9"/>
      </object_component>
      <object_component id="oc-1b0">
         <name>.debug_line</name>
         <load_address>0xb00</load_address>
         <run_address>0xb00</run_address>
         <size>0x71</size>
         <input_file_ref idref="fl-9"/>
      </object_component>
      <object_component id="oc-169">
         <name>.debug_line</name>
         <load_address>0xb71</load_address>
         <run_address>0xb71</run_address>
         <size>0x20</size>
         <input_file_ref idref="fl-9"/>
      </object_component>
      <object_component id="oc-1a0">
         <name>.debug_line</name>
         <load_address>0xb91</load_address>
         <run_address>0xb91</run_address>
         <size>0x75</size>
         <input_file_ref idref="fl-9"/>
      </object_component>
      <object_component id="oc-1ab">
         <name>.debug_line</name>
         <load_address>0xc06</load_address>
         <run_address>0xc06</run_address>
         <size>0x71</size>
         <input_file_ref idref="fl-9"/>
      </object_component>
      <object_component id="oc-15c">
         <name>.debug_line</name>
         <load_address>0xc77</load_address>
         <run_address>0xc77</run_address>
         <size>0x72</size>
         <input_file_ref idref="fl-9"/>
      </object_component>
      <object_component id="oc-1b8">
         <name>.debug_line</name>
         <load_address>0xce9</load_address>
         <run_address>0xce9</run_address>
         <size>0x82</size>
         <input_file_ref idref="fl-a"/>
      </object_component>
      <object_component id="oc-103">
         <name>.debug_line</name>
         <load_address>0xd6b</load_address>
         <run_address>0xd6b</run_address>
         <size>0x91</size>
         <input_file_ref idref="fl-a"/>
      </object_component>
      <object_component id="oc-fd">
         <name>.debug_line</name>
         <load_address>0xdfc</load_address>
         <run_address>0xdfc</run_address>
         <size>0x92</size>
         <input_file_ref idref="fl-a"/>
      </object_component>
      <object_component id="oc-f7">
         <name>.debug_line</name>
         <load_address>0xe8e</load_address>
         <run_address>0xe8e</run_address>
         <size>0x92</size>
         <input_file_ref idref="fl-a"/>
      </object_component>
      <object_component id="oc-10f">
         <name>.debug_line</name>
         <load_address>0xf20</load_address>
         <run_address>0xf20</run_address>
         <size>0x91</size>
         <input_file_ref idref="fl-a"/>
      </object_component>
      <object_component id="oc-109">
         <name>.debug_line</name>
         <load_address>0xfb1</load_address>
         <run_address>0xfb1</run_address>
         <size>0x91</size>
         <input_file_ref idref="fl-a"/>
      </object_component>
      <object_component id="oc-1a3">
         <name>.debug_line</name>
         <load_address>0x1042</load_address>
         <run_address>0x1042</run_address>
         <size>0x13d</size>
         <input_file_ref idref="fl-c"/>
      </object_component>
      <object_component id="oc-c7">
         <name>.debug_line</name>
         <load_address>0x117f</load_address>
         <run_address>0x117f</run_address>
         <size>0x94</size>
         <input_file_ref idref="fl-c"/>
      </object_component>
      <object_component id="oc-df">
         <name>.debug_line</name>
         <load_address>0x1213</load_address>
         <run_address>0x1213</run_address>
         <size>0xee</size>
         <input_file_ref idref="fl-c"/>
      </object_component>
      <object_component id="oc-1a6">
         <name>.debug_line</name>
         <load_address>0x1301</load_address>
         <run_address>0x1301</run_address>
         <size>0x7f</size>
         <input_file_ref idref="fl-c"/>
      </object_component>
      <object_component id="oc-6c">
         <name>.debug_line</name>
         <load_address>0x1380</load_address>
         <run_address>0x1380</run_address>
         <size>0x33</size>
         <input_file_ref idref="fl-c6"/>
      </object_component>
      <object_component id="oc-58">
         <name>.debug_line</name>
         <load_address>0x13b3</load_address>
         <run_address>0x13b3</run_address>
         <size>0x48</size>
         <input_file_ref idref="fl-c6"/>
      </object_component>
      <object_component id="oc-9a">
         <name>.debug_line</name>
         <load_address>0x13fb</load_address>
         <run_address>0x13fb</run_address>
         <size>0x40</size>
         <input_file_ref idref="fl-ca"/>
      </object_component>
      <object_component id="oc-11d">
         <name>.debug_line</name>
         <load_address>0x143b</load_address>
         <run_address>0x143b</run_address>
         <size>0x3c</size>
         <input_file_ref idref="fl-cc"/>
      </object_component>
      <object_component id="oc-9e">
         <name>.debug_frame</name>
         <load_address>0x0</load_address>
         <run_address>0x0</run_address>
         <size>0x138</size>
         <input_file_ref idref="fl-2"/>
      </object_component>
      <object_component id="oc-29">
         <name>.debug_frame</name>
         <load_address>0x138</load_address>
         <run_address>0x138</run_address>
         <size>0x90</size>
         <input_file_ref idref="fl-3"/>
      </object_component>
      <object_component id="oc-116">
         <name>.debug_frame</name>
         <load_address>0x1c8</load_address>
         <run_address>0x1c8</run_address>
         <size>0x54</size>
         <input_file_ref idref="fl-9"/>
      </object_component>
      <object_component id="oc-164">
         <name>.debug_frame</name>
         <load_address>0x21c</load_address>
         <run_address>0x21c</run_address>
         <size>0x54</size>
         <input_file_ref idref="fl-9"/>
      </object_component>
      <object_component id="oc-da">
         <name>.debug_frame</name>
         <load_address>0x270</load_address>
         <run_address>0x270</run_address>
         <size>0x68</size>
         <input_file_ref idref="fl-9"/>
      </object_component>
      <object_component id="oc-ec">
         <name>.debug_frame</name>
         <load_address>0x2d8</load_address>
         <run_address>0x2d8</run_address>
         <size>0x58</size>
         <input_file_ref idref="fl-9"/>
      </object_component>
      <object_component id="oc-f2">
         <name>.debug_frame</name>
         <load_address>0x330</load_address>
         <run_address>0x330</run_address>
         <size>0x58</size>
         <input_file_ref idref="fl-9"/>
      </object_component>
      <object_component id="oc-ce">
         <name>.debug_frame</name>
         <load_address>0x388</load_address>
         <run_address>0x388</run_address>
         <size>0x5c</size>
         <input_file_ref idref="fl-9"/>
      </object_component>
      <object_component id="oc-d4">
         <name>.debug_frame</name>
         <load_address>0x3e4</load_address>
         <run_address>0x3e4</run_address>
         <size>0x58</size>
         <input_file_ref idref="fl-9"/>
      </object_component>
      <object_component id="oc-e6">
         <name>.debug_frame</name>
         <load_address>0x43c</load_address>
         <run_address>0x43c</run_address>
         <size>0x58</size>
         <input_file_ref idref="fl-9"/>
      </object_component>
      <object_component id="oc-104">
         <name>.debug_frame</name>
         <load_address>0x494</load_address>
         <run_address>0x494</run_address>
         <size>0x54</size>
         <input_file_ref idref="fl-a"/>
      </object_component>
      <object_component id="oc-fe">
         <name>.debug_frame</name>
         <load_address>0x4e8</load_address>
         <run_address>0x4e8</run_address>
         <size>0x54</size>
         <input_file_ref idref="fl-a"/>
      </object_component>
      <object_component id="oc-f8">
         <name>.debug_frame</name>
         <load_address>0x53c</load_address>
         <run_address>0x53c</run_address>
         <size>0x58</size>
         <input_file_ref idref="fl-a"/>
      </object_component>
      <object_component id="oc-110">
         <name>.debug_frame</name>
         <load_address>0x594</load_address>
         <run_address>0x594</run_address>
         <size>0x54</size>
         <input_file_ref idref="fl-a"/>
      </object_component>
      <object_component id="oc-10a">
         <name>.debug_frame</name>
         <load_address>0x5e8</load_address>
         <run_address>0x5e8</run_address>
         <size>0x54</size>
         <input_file_ref idref="fl-a"/>
      </object_component>
      <object_component id="oc-c8">
         <name>.debug_frame</name>
         <load_address>0x63c</load_address>
         <run_address>0x63c</run_address>
         <size>0x54</size>
         <input_file_ref idref="fl-c"/>
      </object_component>
      <object_component id="oc-e0">
         <name>.debug_frame</name>
         <load_address>0x690</load_address>
         <run_address>0x690</run_address>
         <size>0x68</size>
         <input_file_ref idref="fl-c"/>
      </object_component>
      <object_component id="oc-57">
         <name>.debug_frame</name>
         <load_address>0x6f8</load_address>
         <run_address>0x6f8</run_address>
         <size>0x50</size>
         <input_file_ref idref="fl-c6"/>
      </object_component>
      <object_component id="oc-96">
         <name>.debug_frame</name>
         <load_address>0x748</load_address>
         <run_address>0x748</run_address>
         <size>0x54</size>
         <input_file_ref idref="fl-ca"/>
      </object_component>
      <object_component id="oc-11c">
         <name>.debug_frame</name>
         <load_address>0x79c</load_address>
         <run_address>0x79c</run_address>
         <size>0x54</size>
         <input_file_ref idref="fl-cc"/>
      </object_component>
      <object_component id="oc-156">
         <name>.debug_abbrev</name>
         <load_address>0x0</load_address>
         <run_address>0x0</run_address>
         <size>0x72</size>
         <input_file_ref idref="fl-2"/>
      </object_component>
      <object_component id="oc-117">
         <name>.debug_abbrev</name>
         <load_address>0x72</load_address>
         <run_address>0x72</run_address>
         <size>0x9b</size>
         <input_file_ref idref="fl-2"/>
      </object_component>
      <object_component id="oc-72">
         <name>.debug_abbrev</name>
         <load_address>0x10d</load_address>
         <run_address>0x10d</run_address>
         <size>0x69</size>
         <input_file_ref idref="fl-2"/>
      </object_component>
      <object_component id="oc-38">
         <name>.debug_abbrev</name>
         <load_address>0x176</load_address>
         <run_address>0x176</run_address>
         <size>0x1f</size>
         <input_file_ref idref="fl-2"/>
      </object_component>
      <object_component id="oc-af">
         <name>.debug_abbrev</name>
         <load_address>0x195</load_address>
         <run_address>0x195</run_address>
         <size>0x5c</size>
         <input_file_ref idref="fl-2"/>
      </object_component>
      <object_component id="oc-77">
         <name>.debug_abbrev</name>
         <load_address>0x1f1</load_address>
         <run_address>0x1f1</run_address>
         <size>0x24</size>
         <input_file_ref idref="fl-2"/>
      </object_component>
      <object_component id="oc-6e">
         <name>.debug_abbrev</name>
         <load_address>0x215</load_address>
         <run_address>0x215</run_address>
         <size>0x68</size>
         <input_file_ref idref="fl-3"/>
      </object_component>
      <object_component id="oc-2d">
         <name>.debug_abbrev</name>
         <load_address>0x27d</load_address>
         <run_address>0x27d</run_address>
         <size>0x29</size>
         <input_file_ref idref="fl-3"/>
      </object_component>
      <object_component id="oc-6d">
         <name>.debug_abbrev</name>
         <load_address>0x2a6</load_address>
         <run_address>0x2a6</run_address>
         <size>0x79</size>
         <input_file_ref idref="fl-3"/>
      </object_component>
      <object_component id="oc-1b3">
         <name>.debug_abbrev</name>
         <load_address>0x31f</load_address>
         <run_address>0x31f</run_address>
         <size>0x7d</size>
         <input_file_ref idref="fl-9"/>
      </object_component>
      <object_component id="oc-1b5">
         <name>.debug_abbrev</name>
         <load_address>0x39c</load_address>
         <run_address>0x39c</run_address>
         <size>0x27</size>
         <input_file_ref idref="fl-9"/>
      </object_component>
      <object_component id="oc-17c">
         <name>.debug_abbrev</name>
         <load_address>0x3c3</load_address>
         <run_address>0x3c3</run_address>
         <size>0x6c</size>
         <input_file_ref idref="fl-9"/>
      </object_component>
      <object_component id="oc-1b2">
         <name>.debug_abbrev</name>
         <load_address>0x42f</load_address>
         <run_address>0x42f</run_address>
         <size>0x6c</size>
         <input_file_ref idref="fl-9"/>
      </object_component>
      <object_component id="oc-16d">
         <name>.debug_abbrev</name>
         <load_address>0x49b</load_address>
         <run_address>0x49b</run_address>
         <size>0x6c</size>
         <input_file_ref idref="fl-9"/>
      </object_component>
      <object_component id="oc-174">
         <name>.debug_abbrev</name>
         <load_address>0x507</load_address>
         <run_address>0x507</run_address>
         <size>0x7a</size>
         <input_file_ref idref="fl-9"/>
      </object_component>
      <object_component id="oc-175">
         <name>.debug_abbrev</name>
         <load_address>0x581</load_address>
         <run_address>0x581</run_address>
         <size>0x7a</size>
         <input_file_ref idref="fl-9"/>
      </object_component>
      <object_component id="oc-165">
         <name>.debug_abbrev</name>
         <load_address>0x5fb</load_address>
         <run_address>0x5fb</run_address>
         <size>0x7a</size>
         <input_file_ref idref="fl-9"/>
      </object_component>
      <object_component id="oc-16c">
         <name>.debug_abbrev</name>
         <load_address>0x675</load_address>
         <run_address>0x675</run_address>
         <size>0x7a</size>
         <input_file_ref idref="fl-9"/>
      </object_component>
      <object_component id="oc-173">
         <name>.debug_abbrev</name>
         <load_address>0x6ef</load_address>
         <run_address>0x6ef</run_address>
         <size>0x6c</size>
         <input_file_ref idref="fl-9"/>
      </object_component>
      <object_component id="oc-1af">
         <name>.debug_abbrev</name>
         <load_address>0x75b</load_address>
         <run_address>0x75b</run_address>
         <size>0x69</size>
         <input_file_ref idref="fl-9"/>
      </object_component>
      <object_component id="oc-168">
         <name>.debug_abbrev</name>
         <load_address>0x7c4</load_address>
         <run_address>0x7c4</run_address>
         <size>0x1f</size>
         <input_file_ref idref="fl-9"/>
      </object_component>
      <object_component id="oc-19f">
         <name>.debug_abbrev</name>
         <load_address>0x7e3</load_address>
         <run_address>0x7e3</run_address>
         <size>0x5c</size>
         <input_file_ref idref="fl-9"/>
      </object_component>
      <object_component id="oc-1aa">
         <name>.debug_abbrev</name>
         <load_address>0x83f</load_address>
         <run_address>0x83f</run_address>
         <size>0x24</size>
         <input_file_ref idref="fl-9"/>
      </object_component>
      <object_component id="oc-15b">
         <name>.debug_abbrev</name>
         <load_address>0x863</load_address>
         <run_address>0x863</run_address>
         <size>0x24</size>
         <input_file_ref idref="fl-9"/>
      </object_component>
      <object_component id="oc-1b7">
         <name>.debug_abbrev</name>
         <load_address>0x887</load_address>
         <run_address>0x887</run_address>
         <size>0x7d</size>
         <input_file_ref idref="fl-a"/>
      </object_component>
      <object_component id="oc-179">
         <name>.debug_abbrev</name>
         <load_address>0x904</load_address>
         <run_address>0x904</run_address>
         <size>0x6e</size>
         <input_file_ref idref="fl-a"/>
      </object_component>
      <object_component id="oc-178">
         <name>.debug_abbrev</name>
         <load_address>0x972</load_address>
         <run_address>0x972</run_address>
         <size>0x6c</size>
         <input_file_ref idref="fl-a"/>
      </object_component>
      <object_component id="oc-176">
         <name>.debug_abbrev</name>
         <load_address>0x9de</load_address>
         <run_address>0x9de</run_address>
         <size>0x7a</size>
         <input_file_ref idref="fl-a"/>
      </object_component>
      <object_component id="oc-17b">
         <name>.debug_abbrev</name>
         <load_address>0xa58</load_address>
         <run_address>0xa58</run_address>
         <size>0x6c</size>
         <input_file_ref idref="fl-a"/>
      </object_component>
      <object_component id="oc-17a">
         <name>.debug_abbrev</name>
         <load_address>0xac4</load_address>
         <run_address>0xac4</run_address>
         <size>0x6e</size>
         <input_file_ref idref="fl-a"/>
      </object_component>
      <object_component id="oc-1a2">
         <name>.debug_abbrev</name>
         <load_address>0xb32</load_address>
         <run_address>0xb32</run_address>
         <size>0xbb</size>
         <input_file_ref idref="fl-c"/>
      </object_component>
      <object_component id="oc-158">
         <name>.debug_abbrev</name>
         <load_address>0xbed</load_address>
         <run_address>0xbed</run_address>
         <size>0x6c</size>
         <input_file_ref idref="fl-c"/>
      </object_component>
      <object_component id="oc-16f">
         <name>.debug_abbrev</name>
         <load_address>0xc59</load_address>
         <run_address>0xc59</run_address>
         <size>0x7a</size>
         <input_file_ref idref="fl-c"/>
      </object_component>
      <object_component id="oc-1a5">
         <name>.debug_abbrev</name>
         <load_address>0xcd3</load_address>
         <run_address>0xcd3</run_address>
         <size>0x38</size>
         <input_file_ref idref="fl-c"/>
      </object_component>
      <object_component id="oc-6b">
         <name>.debug_abbrev</name>
         <load_address>0xd0b</load_address>
         <run_address>0xd0b</run_address>
         <size>0x29</size>
         <input_file_ref idref="fl-c6"/>
      </object_component>
      <object_component id="oc-a2">
         <name>.debug_abbrev</name>
         <load_address>0xd34</load_address>
         <run_address>0xd34</run_address>
         <size>0x55</size>
         <input_file_ref idref="fl-c6"/>
      </object_component>
      <object_component id="oc-c2">
         <name>.debug_abbrev</name>
         <load_address>0xd89</load_address>
         <run_address>0xd89</run_address>
         <size>0x55</size>
         <input_file_ref idref="fl-ca"/>
      </object_component>
      <object_component id="oc-17d">
         <name>.debug_abbrev</name>
         <load_address>0xdde</load_address>
         <run_address>0xdde</run_address>
         <size>0x45</size>
         <input_file_ref idref="fl-cc"/>
      </object_component>
      <object_component id="oc-216">
         <name>.debug_abbrev</name>
         <load_address>0xe23</load_address>
         <run_address>0xe23</run_address>
         <size>0xf</size>
      </object_component>
      <object_component id="oc-74">
         <name>.debug_str</name>
         <load_address>0x0</load_address>
         <run_address>0x0</run_address>
         <size>0x29c</size>
         <input_file_ref idref="fl-2"/>
      </object_component>
      <object_component id="oc-3a">
         <name>.debug_str</name>
         <load_address>0x29c</load_address>
         <run_address>0x29c</run_address>
         <size>0xfd</size>
         <input_file_ref idref="fl-2"/>
      </object_component>
      <object_component id="oc-b1">
         <name>.debug_str</name>
         <load_address>0x399</load_address>
         <run_address>0x399</run_address>
         <size>0x332</size>
         <input_file_ref idref="fl-2"/>
      </object_component>
      <object_component id="oc-79">
         <name>.debug_str</name>
         <load_address>0x6cb</load_address>
         <run_address>0x6cb</run_address>
         <size>0x134</size>
         <input_file_ref idref="fl-2"/>
      </object_component>
      <object_component id="oc-1b1">
         <name>.debug_str</name>
         <load_address>0x7ff</load_address>
         <run_address>0x7ff</run_address>
         <size>0x2df</size>
         <input_file_ref idref="fl-9"/>
      </object_component>
      <object_component id="oc-16a">
         <name>.debug_str</name>
         <load_address>0xade</load_address>
         <run_address>0xade</run_address>
         <size>0xfe</size>
         <input_file_ref idref="fl-9"/>
      </object_component>
      <object_component id="oc-1a1">
         <name>.debug_str</name>
         <load_address>0xbdc</load_address>
         <run_address>0xbdc</run_address>
         <size>0x36e</size>
         <input_file_ref idref="fl-9"/>
      </object_component>
      <object_component id="oc-1ac">
         <name>.debug_str</name>
         <load_address>0xf4a</load_address>
         <run_address>0xf4a</run_address>
         <size>0x1ea</size>
         <input_file_ref idref="fl-9"/>
      </object_component>
      <object_component id="oc-15d">
         <name>.debug_str</name>
         <load_address>0x1134</load_address>
         <run_address>0x1134</run_address>
         <size>0x177</size>
         <input_file_ref idref="fl-9"/>
      </object_component>
      <object_component id="oc-1a7">
         <name>.debug_str</name>
         <load_address>0x12ab</load_address>
         <run_address>0x12ab</run_address>
         <size>0x138</size>
         <input_file_ref idref="fl-c"/>
      </object_component>
      <object_component id="oc-9c">
         <name>.debug_aranges</name>
         <load_address>0x0</load_address>
         <run_address>0x0</run_address>
         <size>0x68</size>
         <input_file_ref idref="fl-2"/>
      </object_component>
      <object_component id="oc-2c">
         <name>.debug_aranges</name>
         <load_address>0x68</load_address>
         <run_address>0x68</run_address>
         <size>0x38</size>
         <input_file_ref idref="fl-3"/>
      </object_component>
      <object_component id="oc-113">
         <name>.debug_aranges</name>
         <load_address>0xa0</load_address>
         <run_address>0xa0</run_address>
         <size>0x20</size>
         <input_file_ref idref="fl-9"/>
      </object_component>
      <object_component id="oc-161">
         <name>.debug_aranges</name>
         <load_address>0xc0</load_address>
         <run_address>0xc0</run_address>
         <size>0x20</size>
         <input_file_ref idref="fl-9"/>
      </object_component>
      <object_component id="oc-d8">
         <name>.debug_aranges</name>
         <load_address>0xe0</load_address>
         <run_address>0xe0</run_address>
         <size>0x20</size>
         <input_file_ref idref="fl-9"/>
      </object_component>
      <object_component id="oc-e9">
         <name>.debug_aranges</name>
         <load_address>0x100</load_address>
         <run_address>0x100</run_address>
         <size>0x20</size>
         <input_file_ref idref="fl-9"/>
      </object_component>
      <object_component id="oc-ef">
         <name>.debug_aranges</name>
         <load_address>0x120</load_address>
         <run_address>0x120</run_address>
         <size>0x20</size>
         <input_file_ref idref="fl-9"/>
      </object_component>
      <object_component id="oc-cb">
         <name>.debug_aranges</name>
         <load_address>0x140</load_address>
         <run_address>0x140</run_address>
         <size>0x20</size>
         <input_file_ref idref="fl-9"/>
      </object_component>
      <object_component id="oc-d1">
         <name>.debug_aranges</name>
         <load_address>0x160</load_address>
         <run_address>0x160</run_address>
         <size>0x20</size>
         <input_file_ref idref="fl-9"/>
      </object_component>
      <object_component id="oc-e4">
         <name>.debug_aranges</name>
         <load_address>0x180</load_address>
         <run_address>0x180</run_address>
         <size>0x20</size>
         <input_file_ref idref="fl-9"/>
      </object_component>
      <object_component id="oc-102">
         <name>.debug_aranges</name>
         <load_address>0x1a0</load_address>
         <run_address>0x1a0</run_address>
         <size>0x20</size>
         <input_file_ref idref="fl-a"/>
      </object_component>
      <object_component id="oc-fb">
         <name>.debug_aranges</name>
         <load_address>0x1c0</load_address>
         <run_address>0x1c0</run_address>
         <size>0x20</size>
         <input_file_ref idref="fl-a"/>
      </object_component>
      <object_component id="oc-f5">
         <name>.debug_aranges</name>
         <load_address>0x1e0</load_address>
         <run_address>0x1e0</run_address>
         <size>0x20</size>
         <input_file_ref idref="fl-a"/>
      </object_component>
      <object_component id="oc-10d">
         <name>.debug_aranges</name>
         <load_address>0x200</load_address>
         <run_address>0x200</run_address>
         <size>0x20</size>
         <input_file_ref idref="fl-a"/>
      </object_component>
      <object_component id="oc-107">
         <name>.debug_aranges</name>
         <load_address>0x220</load_address>
         <run_address>0x220</run_address>
         <size>0x20</size>
         <input_file_ref idref="fl-a"/>
      </object_component>
      <object_component id="oc-c6">
         <name>.debug_aranges</name>
         <load_address>0x240</load_address>
         <run_address>0x240</run_address>
         <size>0x20</size>
         <input_file_ref idref="fl-c"/>
      </object_component>
      <object_component id="oc-dd">
         <name>.debug_aranges</name>
         <load_address>0x260</load_address>
         <run_address>0x260</run_address>
         <size>0x20</size>
         <input_file_ref idref="fl-c"/>
      </object_component>
      <object_component id="oc-55">
         <name>.debug_aranges</name>
         <load_address>0x280</load_address>
         <run_address>0x280</run_address>
         <size>0x20</size>
         <input_file_ref idref="fl-c6"/>
      </object_component>
      <object_component id="oc-99">
         <name>.debug_aranges</name>
         <load_address>0x2a0</load_address>
         <run_address>0x2a0</run_address>
         <size>0x20</size>
         <input_file_ref idref="fl-ca"/>
      </object_component>
      <object_component id="oc-11b">
         <name>.debug_aranges</name>
         <load_address>0x2c0</load_address>
         <run_address>0x2c0</run_address>
         <size>0x20</size>
         <input_file_ref idref="fl-cc"/>
      </object_component>
      <object_component id="oc-a0">
         <name>.debug_pubnames</name>
         <load_address>0x0</load_address>
         <run_address>0x0</run_address>
         <size>0x9b</size>
         <input_file_ref idref="fl-2"/>
      </object_component>
      <object_component id="oc-14">
         <name>.debug_pubnames</name>
         <load_address>0x9b</load_address>
         <run_address>0x9b</run_address>
         <size>0x23</size>
         <input_file_ref idref="fl-3"/>
      </object_component>
      <object_component id="oc-2b">
         <name>.debug_pubnames</name>
         <load_address>0xbe</load_address>
         <run_address>0xbe</run_address>
         <size>0x4c</size>
         <input_file_ref idref="fl-3"/>
      </object_component>
      <object_component id="oc-172">
         <name>.debug_pubnames</name>
         <load_address>0x10a</load_address>
         <run_address>0x10a</run_address>
         <size>0x2b</size>
         <input_file_ref idref="fl-9"/>
      </object_component>
      <object_component id="oc-114">
         <name>.debug_pubnames</name>
         <load_address>0x135</load_address>
         <run_address>0x135</run_address>
         <size>0x23</size>
         <input_file_ref idref="fl-9"/>
      </object_component>
      <object_component id="oc-162">
         <name>.debug_pubnames</name>
         <load_address>0x158</load_address>
         <run_address>0x158</run_address>
         <size>0x25</size>
         <input_file_ref idref="fl-9"/>
      </object_component>
      <object_component id="oc-d9">
         <name>.debug_pubnames</name>
         <load_address>0x17d</load_address>
         <run_address>0x17d</run_address>
         <size>0x27</size>
         <input_file_ref idref="fl-9"/>
      </object_component>
      <object_component id="oc-ea">
         <name>.debug_pubnames</name>
         <load_address>0x1a4</load_address>
         <run_address>0x1a4</run_address>
         <size>0x28</size>
         <input_file_ref idref="fl-9"/>
      </object_component>
      <object_component id="oc-f0">
         <name>.debug_pubnames</name>
         <load_address>0x1cc</load_address>
         <run_address>0x1cc</run_address>
         <size>0x25</size>
         <input_file_ref idref="fl-9"/>
      </object_component>
      <object_component id="oc-cc">
         <name>.debug_pubnames</name>
         <load_address>0x1f1</load_address>
         <run_address>0x1f1</run_address>
         <size>0x2c</size>
         <input_file_ref idref="fl-9"/>
      </object_component>
      <object_component id="oc-d2">
         <name>.debug_pubnames</name>
         <load_address>0x21d</load_address>
         <run_address>0x21d</run_address>
         <size>0x2b</size>
         <input_file_ref idref="fl-9"/>
      </object_component>
      <object_component id="oc-e3">
         <name>.debug_pubnames</name>
         <load_address>0x248</load_address>
         <run_address>0x248</run_address>
         <size>0x27</size>
         <input_file_ref idref="fl-9"/>
      </object_component>
      <object_component id="oc-101">
         <name>.debug_pubnames</name>
         <load_address>0x26f</load_address>
         <run_address>0x26f</run_address>
         <size>0x25</size>
         <input_file_ref idref="fl-a"/>
      </object_component>
      <object_component id="oc-fc">
         <name>.debug_pubnames</name>
         <load_address>0x294</load_address>
         <run_address>0x294</run_address>
         <size>0x25</size>
         <input_file_ref idref="fl-a"/>
      </object_component>
      <object_component id="oc-f6">
         <name>.debug_pubnames</name>
         <load_address>0x2b9</load_address>
         <run_address>0x2b9</run_address>
         <size>0x23</size>
         <input_file_ref idref="fl-a"/>
      </object_component>
      <object_component id="oc-10e">
         <name>.debug_pubnames</name>
         <load_address>0x2dc</load_address>
         <run_address>0x2dc</run_address>
         <size>0x26</size>
         <input_file_ref idref="fl-a"/>
      </object_component>
      <object_component id="oc-108">
         <name>.debug_pubnames</name>
         <load_address>0x302</load_address>
         <run_address>0x302</run_address>
         <size>0x26</size>
         <input_file_ref idref="fl-a"/>
      </object_component>
      <object_component id="oc-c5">
         <name>.debug_pubnames</name>
         <load_address>0x328</load_address>
         <run_address>0x328</run_address>
         <size>0x2d</size>
         <input_file_ref idref="fl-c"/>
      </object_component>
      <object_component id="oc-de">
         <name>.debug_pubnames</name>
         <load_address>0x355</load_address>
         <run_address>0x355</run_address>
         <size>0x25</size>
         <input_file_ref idref="fl-c"/>
      </object_component>
      <object_component id="oc-26">
         <name>.debug_pubnames</name>
         <load_address>0x37a</load_address>
         <run_address>0x37a</run_address>
         <size>0x1e</size>
         <input_file_ref idref="fl-c6"/>
      </object_component>
      <object_component id="oc-56">
         <name>.debug_pubnames</name>
         <load_address>0x398</load_address>
         <run_address>0x398</run_address>
         <size>0x2d</size>
         <input_file_ref idref="fl-c6"/>
      </object_component>
      <object_component id="oc-98">
         <name>.debug_pubnames</name>
         <load_address>0x3c5</load_address>
         <run_address>0x3c5</run_address>
         <size>0x27</size>
         <input_file_ref idref="fl-ca"/>
      </object_component>
      <object_component id="oc-11a">
         <name>.debug_pubnames</name>
         <load_address>0x3ec</load_address>
         <run_address>0x3ec</run_address>
         <size>0x1c</size>
         <input_file_ref idref="fl-cc"/>
      </object_component>
      <object_component id="oc-71">
         <name>.debug_pubtypes</name>
         <load_address>0x0</load_address>
         <run_address>0x0</run_address>
         <size>0x25c</size>
         <input_file_ref idref="fl-2"/>
      </object_component>
      <object_component id="oc-37">
         <name>.debug_pubtypes</name>
         <load_address>0x25c</load_address>
         <run_address>0x25c</run_address>
         <size>0xed</size>
         <input_file_ref idref="fl-2"/>
      </object_component>
      <object_component id="oc-ae">
         <name>.debug_pubtypes</name>
         <load_address>0x349</load_address>
         <run_address>0x349</run_address>
         <size>0x330</size>
         <input_file_ref idref="fl-2"/>
      </object_component>
      <object_component id="oc-76">
         <name>.debug_pubtypes</name>
         <load_address>0x679</load_address>
         <run_address>0x679</run_address>
         <size>0xaa</size>
         <input_file_ref idref="fl-2"/>
      </object_component>
      <object_component id="oc-1ae">
         <name>.debug_pubtypes</name>
         <load_address>0x723</load_address>
         <run_address>0x723</run_address>
         <size>0x25c</size>
         <input_file_ref idref="fl-9"/>
      </object_component>
      <object_component id="oc-167">
         <name>.debug_pubtypes</name>
         <load_address>0x97f</load_address>
         <run_address>0x97f</run_address>
         <size>0xff</size>
         <input_file_ref idref="fl-9"/>
      </object_component>
      <object_component id="oc-19e">
         <name>.debug_pubtypes</name>
         <load_address>0xa7e</load_address>
         <run_address>0xa7e</run_address>
         <size>0x325</size>
         <input_file_ref idref="fl-9"/>
      </object_component>
      <object_component id="oc-1a9">
         <name>.debug_pubtypes</name>
         <load_address>0xda3</load_address>
         <run_address>0xda3</run_address>
         <size>0x12e</size>
         <input_file_ref idref="fl-9"/>
      </object_component>
      <object_component id="oc-15a">
         <name>.debug_pubtypes</name>
         <load_address>0xed1</load_address>
         <run_address>0xed1</run_address>
         <size>0xaa</size>
         <input_file_ref idref="fl-9"/>
      </object_component>
   </object_component_list>
   <logical_group_list>
      <logical_group id="lg-3" display="no" color="cyan">
         <name>.intvecs</name>
         <load_address>0x0</load_address>
         <run_address>0x0</run_address>
         <size>0x26c</size>
         <contents>
            <object_component_ref idref="oc-12"/>
         </contents>
      </logical_group>
      <logical_group id="lg-4" display="no" color="cyan">
         <name>.text</name>
         <load_address>0x26c</load_address>
         <run_address>0x26c</run_address>
         <size>0x5a4</size>
         <contents>
            <object_component_ref idref="oc-9b"/>
            <object_component_ref idref="oc-d5"/>
            <object_component_ref idref="oc-db"/>
            <object_component_ref idref="oc-e1"/>
            <object_component_ref idref="oc-c3"/>
            <object_component_ref idref="oc-15f"/>
            <object_component_ref idref="oc-53"/>
            <object_component_ref idref="oc-c9"/>
            <object_component_ref idref="oc-cf"/>
            <object_component_ref idref="oc-ed"/>
            <object_component_ref idref="oc-e7"/>
            <object_component_ref idref="oc-f9"/>
            <object_component_ref idref="oc-f3"/>
            <object_component_ref idref="oc-27"/>
            <object_component_ref idref="oc-111"/>
            <object_component_ref idref="oc-105"/>
            <object_component_ref idref="oc-10b"/>
            <object_component_ref idref="oc-ff"/>
            <object_component_ref idref="oc-16e"/>
            <object_component_ref idref="oc-95"/>
            <object_component_ref idref="oc-118"/>
         </contents>
      </logical_group>
      <logical_group id="lg-5" display="no" color="cyan">
         <name>.const</name>
         <load_address>0x810</load_address>
         <run_address>0x810</run_address>
         <size>0x90</size>
         <contents>
            <object_component_ref idref="oc-170"/>
         </contents>
      </logical_group>
      <logical_group id="lg-6" display="no" color="cyan">
         <name>.cinit</name>
         <run_address>0x0</run_address>
         <size>0x0</size>
         <contents>
         </contents>
      </logical_group>
      <logical_group id="lg-7" display="no" color="cyan">
         <name>.pinit</name>
         <run_address>0x0</run_address>
         <size>0x0</size>
         <contents>
         </contents>
      </logical_group>
      <logical_group id="lg-8" display="no" color="cyan">
         <name>.init_array</name>
         <run_address>0x0</run_address>
         <size>0x0</size>
         <contents>
         </contents>
      </logical_group>
      <logical_group id="lg-9" display="no" color="cyan">
         <name>.vtable</name>
         <run_address>0x0</run_address>
         <size>0x0</size>
         <contents>
         </contents>
      </logical_group>
      <logical_group id="lg-a" display="no" color="cyan">
         <name>.data</name>
         <run_address>0x0</run_address>
         <size>0x0</size>
         <contents>
         </contents>
      </logical_group>
      <logical_group id="lg-b" display="no" color="cyan">
         <name>.bss</name>
         <run_address>0x0</run_address>
         <size>0x0</size>
         <contents>
         </contents>
      </logical_group>
      <logical_group id="lg-c" display="no" color="cyan">
         <name>.sysmem</name>
         <run_address>0x0</run_address>
         <size>0x0</size>
         <contents>
         </contents>
      </logical_group>
      <logical_group id="lg-d" display="no" color="cyan">
         <name>.stack</name>
         <run_address>0x20000000</run_address>
         <size>0x200</size>
         <contents>
            <object_component_ref idref="oc-24"/>
            <object_component_ref idref="oc-214"/>
         </contents>
      </logical_group>
      <logical_group id="lg-1e9" display="no" color="cyan">
         <name>.TI.noinit</name>
         <run_address>0x0</run_address>
         <size>0x0</size>
         <contents>
         </contents>
      </logical_group>
      <logical_group id="lg-1ea" display="no" color="cyan">
         <name>.TI.persistent</name>
         <run_address>0x0</run_address>
         <size>0x0</size>
         <contents>
         </contents>
      </logical_group>
      <logical_group id="lg-1eb" display="no" color="cyan">
         <name>__llvm_prf_cnts</name>
         <run_address>0x20000000</run_address>
         <size>0x0</size>
         <contents>
         </contents>
      </logical_group>
      <logical_group id="lg-1fa" display="never" color="cyan">
         <name>.debug_info</name>
         <load_address>0x0</load_address>
         <run_address>0x0</run_address>
         <size>0x5a0a</size>
         <contents>
            <object_component_ref idref="oc-b2"/>
            <object_component_ref idref="oc-9f"/>
            <object_component_ref idref="oc-70"/>
            <object_component_ref idref="oc-36"/>
            <object_component_ref idref="oc-ad"/>
            <object_component_ref idref="oc-75"/>
            <object_component_ref idref="oc-2f"/>
            <object_component_ref idref="oc-13"/>
            <object_component_ref idref="oc-2a"/>
            <object_component_ref idref="oc-16b"/>
            <object_component_ref idref="oc-171"/>
            <object_component_ref idref="oc-112"/>
            <object_component_ref idref="oc-160"/>
            <object_component_ref idref="oc-d7"/>
            <object_component_ref idref="oc-e8"/>
            <object_component_ref idref="oc-ee"/>
            <object_component_ref idref="oc-ca"/>
            <object_component_ref idref="oc-d0"/>
            <object_component_ref idref="oc-e2"/>
            <object_component_ref idref="oc-1ad"/>
            <object_component_ref idref="oc-166"/>
            <object_component_ref idref="oc-19d"/>
            <object_component_ref idref="oc-1a8"/>
            <object_component_ref idref="oc-159"/>
            <object_component_ref idref="oc-177"/>
            <object_component_ref idref="oc-100"/>
            <object_component_ref idref="oc-fa"/>
            <object_component_ref idref="oc-f4"/>
            <object_component_ref idref="oc-10c"/>
            <object_component_ref idref="oc-106"/>
            <object_component_ref idref="oc-15e"/>
            <object_component_ref idref="oc-c4"/>
            <object_component_ref idref="oc-dc"/>
            <object_component_ref idref="oc-1a4"/>
            <object_component_ref idref="oc-25"/>
            <object_component_ref idref="oc-54"/>
            <object_component_ref idref="oc-97"/>
            <object_component_ref idref="oc-119"/>
            <object_component_ref idref="oc-215"/>
         </contents>
      </logical_group>
      <logical_group id="lg-1fc" display="never" color="cyan">
         <name>.debug_line</name>
         <load_address>0x0</load_address>
         <run_address>0x0</run_address>
         <size>0x1477</size>
         <contents>
            <object_component_ref idref="oc-157"/>
            <object_component_ref idref="oc-9d"/>
            <object_component_ref idref="oc-73"/>
            <object_component_ref idref="oc-39"/>
            <object_component_ref idref="oc-b0"/>
            <object_component_ref idref="oc-78"/>
            <object_component_ref idref="oc-6f"/>
            <object_component_ref idref="oc-2e"/>
            <object_component_ref idref="oc-28"/>
            <object_component_ref idref="oc-1b4"/>
            <object_component_ref idref="oc-1b6"/>
            <object_component_ref idref="oc-115"/>
            <object_component_ref idref="oc-163"/>
            <object_component_ref idref="oc-d6"/>
            <object_component_ref idref="oc-eb"/>
            <object_component_ref idref="oc-f1"/>
            <object_component_ref idref="oc-cd"/>
            <object_component_ref idref="oc-d3"/>
            <object_component_ref idref="oc-e5"/>
            <object_component_ref idref="oc-1b0"/>
            <object_component_ref idref="oc-169"/>
            <object_component_ref idref="oc-1a0"/>
            <object_component_ref idref="oc-1ab"/>
            <object_component_ref idref="oc-15c"/>
            <object_component_ref idref="oc-1b8"/>
            <object_component_ref idref="oc-103"/>
            <object_component_ref idref="oc-fd"/>
            <object_component_ref idref="oc-f7"/>
            <object_component_ref idref="oc-10f"/>
            <object_component_ref idref="oc-109"/>
            <object_component_ref idref="oc-1a3"/>
            <object_component_ref idref="oc-c7"/>
            <object_component_ref idref="oc-df"/>
            <object_component_ref idref="oc-1a6"/>
            <object_component_ref idref="oc-6c"/>
            <object_component_ref idref="oc-58"/>
            <object_component_ref idref="oc-9a"/>
            <object_component_ref idref="oc-11d"/>
         </contents>
      </logical_group>
      <logical_group id="lg-1fe" display="never" color="cyan">
         <name>.debug_frame</name>
         <load_address>0x0</load_address>
         <run_address>0x0</run_address>
         <size>0x7f0</size>
         <contents>
            <object_component_ref idref="oc-9e"/>
            <object_component_ref idref="oc-29"/>
            <object_component_ref idref="oc-116"/>
            <object_component_ref idref="oc-164"/>
            <object_component_ref idref="oc-da"/>
            <object_component_ref idref="oc-ec"/>
            <object_component_ref idref="oc-f2"/>
            <object_component_ref idref="oc-ce"/>
            <object_component_ref idref="oc-d4"/>
            <object_component_ref idref="oc-e6"/>
            <object_component_ref idref="oc-104"/>
            <object_component_ref idref="oc-fe"/>
            <object_component_ref idref="oc-f8"/>
            <object_component_ref idref="oc-110"/>
            <object_component_ref idref="oc-10a"/>
            <object_component_ref idref="oc-c8"/>
            <object_component_ref idref="oc-e0"/>
            <object_component_ref idref="oc-57"/>
            <object_component_ref idref="oc-96"/>
            <object_component_ref idref="oc-11c"/>
         </contents>
      </logical_group>
      <logical_group id="lg-200" display="never" color="cyan">
         <name>.debug_abbrev</name>
         <load_address>0x0</load_address>
         <run_address>0x0</run_address>
         <size>0xe32</size>
         <contents>
            <object_component_ref idref="oc-156"/>
            <object_component_ref idref="oc-117"/>
            <object_component_ref idref="oc-72"/>
            <object_component_ref idref="oc-38"/>
            <object_component_ref idref="oc-af"/>
            <object_component_ref idref="oc-77"/>
            <object_component_ref idref="oc-6e"/>
            <object_component_ref idref="oc-2d"/>
            <object_component_ref idref="oc-6d"/>
            <object_component_ref idref="oc-1b3"/>
            <object_component_ref idref="oc-1b5"/>
            <object_component_ref idref="oc-17c"/>
            <object_component_ref idref="oc-1b2"/>
            <object_component_ref idref="oc-16d"/>
            <object_component_ref idref="oc-174"/>
            <object_component_ref idref="oc-175"/>
            <object_component_ref idref="oc-165"/>
            <object_component_ref idref="oc-16c"/>
            <object_component_ref idref="oc-173"/>
            <object_component_ref idref="oc-1af"/>
            <object_component_ref idref="oc-168"/>
            <object_component_ref idref="oc-19f"/>
            <object_component_ref idref="oc-1aa"/>
            <object_component_ref idref="oc-15b"/>
            <object_component_ref idref="oc-1b7"/>
            <object_component_ref idref="oc-179"/>
            <object_component_ref idref="oc-178"/>
            <object_component_ref idref="oc-176"/>
            <object_component_ref idref="oc-17b"/>
            <object_component_ref idref="oc-17a"/>
            <object_component_ref idref="oc-1a2"/>
            <object_component_ref idref="oc-158"/>
            <object_component_ref idref="oc-16f"/>
            <object_component_ref idref="oc-1a5"/>
            <object_component_ref idref="oc-6b"/>
            <object_component_ref idref="oc-a2"/>
            <object_component_ref idref="oc-c2"/>
            <object_component_ref idref="oc-17d"/>
            <object_component_ref idref="oc-216"/>
         </contents>
      </logical_group>
      <logical_group id="lg-202" display="never" color="cyan">
         <name>.debug_str</name>
         <load_address>0x0</load_address>
         <run_address>0x0</run_address>
         <size>0x13e3</size>
         <contents>
            <object_component_ref idref="oc-74"/>
            <object_component_ref idref="oc-3a"/>
            <object_component_ref idref="oc-b1"/>
            <object_component_ref idref="oc-79"/>
            <object_component_ref idref="oc-1b1"/>
            <object_component_ref idref="oc-16a"/>
            <object_component_ref idref="oc-1a1"/>
            <object_component_ref idref="oc-1ac"/>
            <object_component_ref idref="oc-15d"/>
            <object_component_ref idref="oc-1a7"/>
         </contents>
      </logical_group>
      <logical_group id="lg-204" display="never" color="cyan">
         <name>.debug_aranges</name>
         <load_address>0x0</load_address>
         <run_address>0x0</run_address>
         <size>0x2e0</size>
         <contents>
            <object_component_ref idref="oc-9c"/>
            <object_component_ref idref="oc-2c"/>
            <object_component_ref idref="oc-113"/>
            <object_component_ref idref="oc-161"/>
            <object_component_ref idref="oc-d8"/>
            <object_component_ref idref="oc-e9"/>
            <object_component_ref idref="oc-ef"/>
            <object_component_ref idref="oc-cb"/>
            <object_component_ref idref="oc-d1"/>
            <object_component_ref idref="oc-e4"/>
            <object_component_ref idref="oc-102"/>
            <object_component_ref idref="oc-fb"/>
            <object_component_ref idref="oc-f5"/>
            <object_component_ref idref="oc-10d"/>
            <object_component_ref idref="oc-107"/>
            <object_component_ref idref="oc-c6"/>
            <object_component_ref idref="oc-dd"/>
            <object_component_ref idref="oc-55"/>
            <object_component_ref idref="oc-99"/>
            <object_component_ref idref="oc-11b"/>
         </contents>
      </logical_group>
      <logical_group id="lg-206" display="never" color="cyan">
         <name>.debug_pubnames</name>
         <load_address>0x0</load_address>
         <run_address>0x0</run_address>
         <size>0x408</size>
         <contents>
            <object_component_ref idref="oc-a0"/>
            <object_component_ref idref="oc-14"/>
            <object_component_ref idref="oc-2b"/>
            <object_component_ref idref="oc-172"/>
            <object_component_ref idref="oc-114"/>
            <object_component_ref idref="oc-162"/>
            <object_component_ref idref="oc-d9"/>
            <object_component_ref idref="oc-ea"/>
            <object_component_ref idref="oc-f0"/>
            <object_component_ref idref="oc-cc"/>
            <object_component_ref idref="oc-d2"/>
            <object_component_ref idref="oc-e3"/>
            <object_component_ref idref="oc-101"/>
            <object_component_ref idref="oc-fc"/>
            <object_component_ref idref="oc-f6"/>
            <object_component_ref idref="oc-10e"/>
            <object_component_ref idref="oc-108"/>
            <object_component_ref idref="oc-c5"/>
            <object_component_ref idref="oc-de"/>
            <object_component_ref idref="oc-26"/>
            <object_component_ref idref="oc-56"/>
            <object_component_ref idref="oc-98"/>
            <object_component_ref idref="oc-11a"/>
         </contents>
      </logical_group>
      <logical_group id="lg-208" display="never" color="cyan">
         <name>.debug_pubtypes</name>
         <load_address>0x0</load_address>
         <run_address>0x0</run_address>
         <size>0xf7b</size>
         <contents>
            <object_component_ref idref="oc-71"/>
            <object_component_ref idref="oc-37"/>
            <object_component_ref idref="oc-ae"/>
            <object_component_ref idref="oc-76"/>
            <object_component_ref idref="oc-1ae"/>
            <object_component_ref idref="oc-167"/>
            <object_component_ref idref="oc-19e"/>
            <object_component_ref idref="oc-1a9"/>
            <object_component_ref idref="oc-15a"/>
         </contents>
      </logical_group>
      <logical_group id="lg-213" display="no" color="cyan">
         <name>Veneer$$CMSE</name>
         <run_address>0x0</run_address>
         <size>0x0</size>
         <contents>
         </contents>
      </logical_group>
      <load_segment id="lg-217" display="no" color="cyan">
         <name>SEGMENT_0</name>
         <load_address>0x0</load_address>
         <run_address>0x0</run_address>
         <size>0x8a0</size>
         <flags>0x5</flags>
         <contents>
            <logical_group_ref idref="lg-3"/>
            <logical_group_ref idref="lg-4"/>
            <logical_group_ref idref="lg-5"/>
         </contents>
      </load_segment>
      <load_segment id="lg-218" display="no" color="cyan">
         <name>SEGMENT_1</name>
         <run_address>0x20000000</run_address>
         <size>0x200</size>
         <flags>0x6</flags>
         <contents>
            <logical_group_ref idref="lg-d"/>
         </contents>
      </load_segment>
   </logical_group_list>
   <placement_map>
      <memory_area display="yes" color="green">
         <name>FLASH</name>
         <page_id>0x0</page_id>
         <origin>0x0</origin>
         <length>0x40000</length>
         <used_space>0x8a0</used_space>
         <unused_space>0x3f760</unused_space>
         <attributes>RX</attributes>
         <usage_details>
            <allocated_space>
               <start_address>0x0</start_address>
               <size>0x26c</size>
               <logical_group_ref idref="lg-3"/>
            </allocated_space>
            <allocated_space>
               <start_address>0x26c</start_address>
               <size>0x5a4</size>
               <logical_group_ref idref="lg-4"/>
            </allocated_space>
            <allocated_space>
               <start_address>0x810</start_address>
               <size>0x90</size>
               <logical_group_ref idref="lg-5"/>
            </allocated_space>
            <available_space>
               <start_address>0x8a0</start_address>
               <size>0x3f760</size>
            </available_space>
         </usage_details>
      </memory_area>
      <memory_area display="yes" color="green">
         <name>SRAM</name>
         <page_id>0x0</page_id>
         <origin>0x20000000</origin>
         <length>0x8000</length>
         <used_space>0x200</used_space>
         <unused_space>0x7e00</unused_space>
         <attributes>RWX</attributes>
         <usage_details>
            <allocated_space>
               <start_address>0x20000000</start_address>
               <size>0x0</size>
               <logical_group_ref idref="lg-1eb"/>
            </allocated_space>
            <allocated_space>
               <start_address>0x20000000</start_address>
               <size>0x200</size>
               <logical_group_ref idref="lg-d"/>
            </allocated_space>
            <available_space>
               <start_address>0x20000200</start_address>
               <size>0x7e00</size>
            </available_space>
         </usage_details>
      </memory_area>
   </placement_map>
   <symbol_table>
      <symbol id="sm-1">
         <name>__STACK_TOP</name>
         <value>0x20000200</value>
      </symbol>
      <symbol id="sm-2">
         <name>__start___llvm_prf_cnts</name>
         <value>0x20000000</value>
      </symbol>
      <symbol id="sm-3">
         <name>__stop___llvm_prf_cnts</name>
         <value>0x20000000</value>
      </symbol>
      <symbol id="sm-4">
         <name>binit</name>
         <value>0xffffffff</value>
      </symbol>
      <symbol id="sm-5">
         <name>__binit__</name>
         <value>0xffffffff</value>
      </symbol>
      <symbol id="sm-6">
         <name>__STACK_SIZE</name>
         <value>0x200</value>
      </symbol>
      <symbol id="sm-7">
         <name>__STACK_END</name>
         <value>0x20000200</value>
      </symbol>
      <symbol id="sm-8">
         <name>__c_args__</name>
         <value>0xffffffff</value>
      </symbol>
      <symbol id="sm-9">
         <name>__TI_pprof_out_hndl</name>
         <value>0xffffffff</value>
      </symbol>
      <symbol id="sm-a">
         <name>__TI_prof_data_start</name>
         <value>0xffffffff</value>
      </symbol>
      <symbol id="sm-b">
         <name>__TI_prof_data_size</name>
         <value>0xffffffff</value>
      </symbol>
      <symbol id="sm-c">
         <name>__TI_static_base__</name>
         <value>0x0</value>
      </symbol>
      <symbol id="sm-65">
         <name>Green_OFF</name>
         <value>0x3d3</value>
         <object_component_ref idref="oc-9b"/>
      </symbol>
      <symbol id="sm-66">
         <name>I2CSlaveHandler</name>
         <value>0x2e9</value>
         <object_component_ref idref="oc-9b"/>
      </symbol>
      <symbol id="sm-67">
         <name>Green_ON</name>
         <value>0x3c5</value>
         <object_component_ref idref="oc-9b"/>
      </symbol>
      <symbol id="sm-68">
         <name>Blue_OFF</name>
         <value>0x3b7</value>
         <object_component_ref idref="oc-9b"/>
      </symbol>
      <symbol id="sm-69">
         <name>Red_OFF</name>
         <value>0x3ef</value>
         <object_component_ref idref="oc-9b"/>
      </symbol>
      <symbol id="sm-6a">
         <name>PortF_Init</name>
         <value>0x26d</value>
         <object_component_ref idref="oc-9b"/>
      </symbol>
      <symbol id="sm-6b">
         <name>main</name>
         <value>0x399</value>
         <object_component_ref idref="oc-9b"/>
      </symbol>
      <symbol id="sm-6c">
         <name>Blue_ON</name>
         <value>0x3a9</value>
         <object_component_ref idref="oc-9b"/>
      </symbol>
      <symbol id="sm-6d">
         <name>I2C0SlaveInit</name>
         <value>0x2a9</value>
         <object_component_ref idref="oc-9b"/>
      </symbol>
      <symbol id="sm-6e">
         <name>Red_ON</name>
         <value>0x3e1</value>
         <object_component_ref idref="oc-9b"/>
      </symbol>
      <symbol id="sm-8a">
         <name>ResetISR</name>
         <value>0x7df</value>
         <object_component_ref idref="oc-27"/>
      </symbol>
      <symbol id="sm-8b">
         <name>g_pfnVectors</name>
         <value>0x0</value>
         <object_component_ref idref="oc-12"/>
      </symbol>
      <symbol id="sm-ff">
         <name>GPIOPinConfigure</name>
         <value>0x68d</value>
         <object_component_ref idref="oc-e1"/>
      </symbol>
      <symbol id="sm-100">
         <name>GPIOPinTypeI2CSCL</name>
         <value>0x7ab</value>
         <object_component_ref idref="oc-e7"/>
      </symbol>
      <symbol id="sm-101">
         <name>GPIOPinTypeI2C</name>
         <value>0x795</value>
         <object_component_ref idref="oc-ed"/>
      </symbol>
      <symbol id="sm-102">
         <name>GPIOPinTypeGPIOInput</name>
         <value>0x77f</value>
         <object_component_ref idref="oc-cf"/>
      </symbol>
      <symbol id="sm-103">
         <name>GPIOPinTypeGPIOOutput</name>
         <value>0x765</value>
         <object_component_ref idref="oc-c9"/>
      </symbol>
      <symbol id="sm-104">
         <name>GPIODirModeSet</name>
         <value>0x70d</value>
         <object_component_ref idref="oc-15f"/>
      </symbol>
      <symbol id="sm-105">
         <name>GPIOPinWrite</name>
         <value>0x7eb</value>
         <object_component_ref idref="oc-111"/>
      </symbol>
      <symbol id="sm-106">
         <name>GPIOPadConfigSet</name>
         <value>0x42d</value>
         <object_component_ref idref="oc-d5"/>
      </symbol>
      <symbol id="sm-133">
         <name>I2CSlaveDataGet</name>
         <value>0x7f1</value>
         <object_component_ref idref="oc-105"/>
      </symbol>
      <symbol id="sm-134">
         <name>I2CSlaveEnable</name>
         <value>0x7c1</value>
         <object_component_ref idref="oc-f9"/>
      </symbol>
      <symbol id="sm-135">
         <name>I2CSlaveDataPut</name>
         <value>0x7f7</value>
         <object_component_ref idref="oc-10b"/>
      </symbol>
      <symbol id="sm-136">
         <name>I2CSlaveStatus</name>
         <value>0x7fd</value>
         <object_component_ref idref="oc-ff"/>
      </symbol>
      <symbol id="sm-137">
         <name>I2CSlaveInit</name>
         <value>0x7d1</value>
         <object_component_ref idref="oc-f3"/>
      </symbol>
      <symbol id="sm-163">
         <name>SysCtlClockSet</name>
         <value>0x599</value>
         <object_component_ref idref="oc-db"/>
      </symbol>
      <symbol id="sm-164">
         <name>SysCtlDelay</name>
         <value>0x803</value>
         <object_component_ref idref="oc-16e"/>
      </symbol>
      <symbol id="sm-165">
         <name>SysCtlPeripheralEnable</name>
         <value>0x6d9</value>
         <object_component_ref idref="oc-c3"/>
      </symbol>
      <symbol id="sm-17b">
         <name>_c_int00_noinit_noargs</name>
         <value>0x739</value>
         <object_component_ref idref="oc-53"/>
      </symbol>
      <symbol id="sm-17c">
         <name>__stack</name>
         <value>0x20000000</value>
         <object_component_ref idref="oc-24"/>
      </symbol>
      <symbol id="sm-189">
         <name>_system_pre_init</name>
         <value>0x809</value>
         <object_component_ref idref="oc-95"/>
      </symbol>
      <symbol id="sm-195">
         <name>C$$EXIT</name>
         <value>0x80d</value>
         <object_component_ref idref="oc-118"/>
      </symbol>
      <symbol id="sm-196">
         <name>abort</name>
         <value>0x80d</value>
         <object_component_ref idref="oc-118"/>
      </symbol>
      <symbol id="sm-199">
         <name>__mpu_init</name>
         <value>0x0</value>
      </symbol>
   </symbol_table>
   <title>Link successful</title>
</link_info>
